Competidor,Fecha,Producto1,Producto2
Competidor1,2019-01-06,2408555.0,12372749.0
Competidor1,2019-01-13,2215418.0,12374756.3
Competidor1,2019-01-20,2167294.0,13203648.2
Competidor1,2019-01-27,2173777.0,12319799.4
Competidor1,2019-02-03,2312097.0,12948943.7
Competidor1,2019-02-10,2683980.0,13675593.3
Competidor1,2019-02-17,2104138.0,13000021.9
Competidor1,2019-02-24,2167522.0,12845307.2
Competidor1,2019-03-03,2166030.0,13276100.4
Competidor1,2019-03-10,2322196.0,14328218.0
Competidor1,2019-03-17,2305257.0,13249994.2
Competidor1,2019-03-24,2756588.0,12796389.7
Competidor1,2019-03-31,2106089.0,13148005.3
Competidor1,2019-04-07,2237618.0,14014492.8
Competidor1,2019-04-14,2348591.0,14142614.5
Competidor1,2019-04-21,2417455.0,14083436.3
Competidor1,2019-04-28,2577416.0,13481757.0
Competidor1,2019-05-05,2297571.0,14276340.9
Competidor1,2019-05-12,2448635.0,14777662.6
Competidor1,2019-05-19,2444579.0,14443062.2
Competidor1,2019-05-26,2788125.0,13895592.4
Competidor1,2019-06-02,2497743.0,14566013.5
Competidor1,2019-06-09,2933595.0,15832089.2
Competidor1,2019-06-16,2744821.0,15886483.5
Competidor1,2019-06-23,2874392.0,14843472.9
Competidor1,2019-06-30,2802894.0,15298803.2
Competidor1,2019-07-07,2617790.0,15036754.3
Competidor1,2019-07-14,2219878.0,13725744.6
Competidor1,2019-07-21,2231670.0,13914749.8
Competidor1,2019-07-28,2528017.0,14262570.7
Competidor1,2019-08-04,2195176.0,14638895.2
Competidor1,2019-08-11,2378160.0,15207538.0
Competidor1,2019-08-18,2373156.0,14352010.2
Competidor1,2019-08-25,2711972.0,13677915.4
Competidor1,2019-09-01,2205116.0,14631803.2
Competidor1,2019-09-08,2281552.0,14975104.2
Competidor1,2019-09-15,2335506.0,14242331.0
Competidor1,2019-09-22,2849308.0,13345894.2
Competidor1,2019-09-29,2057032.0,13779186.1
Competidor1,2019-10-06,2129059.0,14461866.6
Competidor1,2019-10-13,2201593.0,14494537.7
Competidor1,2019-10-20,2267255.0,14277696.8
Competidor1,2019-10-27,2429210.0,12757948.0
Competidor1,2019-11-03,2045455.0,13212159.3
Competidor1,2019-11-10,2097655.0,13858542.0
Competidor1,2019-11-17,2147922.0,13241609.0
Competidor1,2019-11-24,2458697.0,12891774.8
Competidor1,2019-12-01,1968737.0,12851282.3
Competidor1,2019-12-08,2085037.0,13893133.2
Competidor1,2019-12-15,2071919.0,13190283.8
Competidor1,2019-12-22,2555088.0,12384639.2
Competidor1,2019-12-29,1967066.0,11727500.5
Competidor1,2020-01-05,2209195.0,12215056.7
Competidor1,2020-01-12,1857720.0,12407255.3
Competidor1,2020-01-19,1917617.0,12474868.4
Competidor1,2020-01-26,2203282.0,11825863.2
Competidor1,2020-02-02,1825344.0,12815227.5
Competidor1,2020-02-09,1943601.0,13147532.3
Competidor1,2020-02-16,2040300.0,12727589.5
Competidor1,2020-02-23,2448399.0,11752805.5
Competidor1,2020-03-01,1847309.0,12736168.6
Competidor1,2020-03-08,1970381.0,13897135.4
Competidor1,2020-03-15,2100370.0,13243818.5
Competidor1,2020-03-22,2923950.0,14401649.0
Competidor1,2020-03-29,1942729.0,12587118.5
Competidor1,2020-04-05,1792980.0,12135158.0
Competidor1,2020-04-12,2006793.0,12451942.5
Competidor1,2020-04-19,2040103.0,12813326.0
Competidor1,2020-04-26,2404684.0,12626842.5
Competidor1,2020-05-03,2163629.0,13685437.5
Competidor1,2020-05-10,2223112.0,14977318.0
Competidor1,2020-05-17,2219193.0,13796775.5
Competidor1,2020-05-24,2613465.0,14352948.5
Competidor1,2020-06-07,2282345.0,15231437.0
Competidor1,2020-06-14,2801913.0,15276485.5
Competidor1,2020-06-21,2269025.0,14718517.0
Competidor1,2020-06-28,2190131.0,14621724.5
Competidor1,2020-07-05,2274159.0,15599861.0
Competidor1,2020-07-12,2577985.0,14866314.5
Competidor1,2020-07-19,2090887.0,14235867.0
Competidor1,2020-07-26,2127582.0,14441113.0
Competidor1,2020-08-02,2255676.0,14837822.8
Competidor1,2020-08-09,2289936.0,15379577.3
Competidor1,2020-08-16,2326463.0,14817046.2
Competidor1,2020-08-23,2634595.0,14076322.5
Competidor1,2020-09-06,2095796.0,15448493.1
Competidor1,2020-09-13,2289671.0,14420125.6
Competidor1,2020-09-20,2540523.0,13691337.4
Competidor1,2020-09-27,2054276.0,14159102.0
Competidor1,2020-09-30,2107841.0,14661944.7
Competidor1,2020-10-04,1990379.0,14290549.4
Competidor1,2020-10-11,2067769.0,13897135.2
Competidor1,2020-10-18,2090085.0,13591784.3
Competidor1,2020-10-25,2274366.0,12947517.4
Competidor1,2020-11-01,2050561.0,12863194.8
Competidor1,2020-11-08,1941696.0,13347451.8
Competidor1,2020-11-15,2014919.0,13526939.8
Competidor1,2020-11-22,2338296.0,13065688.5
Competidor1,2020-12-06,2298017.0,12890418.0
Competidor1,2020-12-13,2941173.0,12896586.5
Competidor1,2020-12-20,2512006.0,12506292.5
Competidor1,2020-12-27,2357601.0,11997277.0
Competidor1,2020-12-29,1920731.0,12102745.0
Competidor1,2021-01-03,1731056.0,12205200.0
Competidor1,2021-01-10,1821141.0,12544996.5
Competidor1,2021-01-17,2030890.0,12287101.5
Competidor1,2021-01-24,2316383.0,11783497.0
Competidor1,2021-02-07,2095297.0,12796921.5
Competidor1,2021-02-14,2143536.0,12401496.5
Competidor1,2021-02-21,2388093.0,11518704.0
Competidor1,2021-02-28,1671139.0,12101075.5
Competidor1,2021-03-04,1836008.0,13613187.5
Competidor1,2021-03-07,1790539.0,13069243.5
Competidor1,2021-03-14,1969638.0,12490929.5
Competidor1,2021-03-21,2396427.0,11946910.0
Competidor1,2021-03-28,1810606.0,13014121.5
Competidor1,2021-04-02,1985323.0,12946595.0
Competidor1,2021-04-11,1952488.0,14066473.0
Competidor1,2021-04-18,2142586.0,13030770.5
Competidor1,2021-04-25,2189597.0,13129446.5
Competidor1,2021-05-09,2215747.0,13973999.5
Competidor1,2021-05-16,2131680.0,12760045.0
Competidor1,2021-05-23,2302016.0,13010288.5
Competidor1,2021-05-30,2042078.0,14297376.0
Competidor1,2021-06-04,2083929.0,14968356.5
Competidor1,2021-06-06,2145057.0,14152306.5
Competidor1,2021-06-13,2528302.0,13666197.0
Competidor1,2021-06-20,2651919.0,12916243.5
Competidor1,2021-06-27,2235495.0,13809226.0
Competidor1,2021-07-01,1989705.0,13544336.5
Competidor1,2021-07-11,2009254.0,13670213.5
Competidor1,2021-07-18,2106822.0,13106176.0
Competidor1,2021-07-25,2253936.0,13259540.5
Competidor1,2021-08-08,2117970.0,14386170.0
Competidor1,2021-08-15,2139386.0,13125137.0
Competidor1,2021-08-22,2351777.0,13119364.5
Competidor1,2021-08-29,1972124.0,13261239.0
Competidor1,2021-09-03,1881393.1,13409441.5
Competidor1,2021-09-05,1961880.0,14242586.6
Competidor1,2021-09-12,2067022.1,13310505.5
Competidor1,2021-09-19,2440135.0,12506086.5
Competidor1,2021-09-26,1906501.0,12893934.5
Competidor1,2021-10-10,1976222.2,13465766.5
Competidor1,2021-10-17,1995880.0,12669320.5
Competidor1,2021-10-24,2043958.2,11957418.0
Competidor1,2021-10-31,1968132.1,12428894.5
Competidor1,2021-11-07,2259683.0,12579716.5
Competidor1,2021-11-14,1961990.0,12141416.0
Competidor1,2021-11-21,2106292.0,11846433.5
Competidor1,2021-11-28,1607038.0,11197036.5
Competidor1,2021-12-02,1657209.0,11121406.5
Competidor1,2021-12-05,1785639.0,12809884.1
Competidor1,2021-12-12,1767723.0,11723609.5
Competidor1,2021-12-19,2104243.0,11471570.5
Competidor1,2021-12-26,1630316.0,11269246.0
Competidor1,2022-01-09,1968826.0,11206529.5
Competidor1,2022-01-16,1842275.0,10552011.0
Competidor1,2022-01-23,1572706.0,10222096.0
Competidor1,2022-01-30,1579806.0,10378489.0
Competidor1,2022-02-06,1642545.0,11179032.0
Competidor1,2022-02-13,1722727.0,11224078.5
Competidor1,2022-02-20,2273485.0,10964586.5
Competidor1,2022-02-27,1752093.0,10968054.0
Competidor1,2022-03-03,1711662.0,12210002.0
Competidor1,2022-03-06,2211879.0,12226142.6
Competidor1,2022-03-13,1749475.0,11209963.5
Competidor1,2022-03-20,2051238.0,10810327.0
Competidor1,2022-03-27,1637610.0,11433867.0
Competidor1,2022-04-01,1710449.0,11498573.0
Competidor1,2022-04-10,1750463.0,12136365.0
Competidor1,2022-04-17,1780374.0,11433778.5
Competidor1,2022-04-24,1889885.0,10819595.0
Competidor1,2022-05-08,1798562.0,12266624.5
Competidor10,2019-01-06,44597501.5,0.0
Competidor10,2019-01-13,48565940.46,0.0
Competidor10,2019-01-20,45632300.1,0.0
Competidor10,2019-01-27,46030940.92,0.0
Competidor10,2019-02-03,44893729.42,0.0
Competidor10,2019-02-10,51044268.98,0.0
Competidor10,2019-02-17,45234191.6,0.0
Competidor10,2019-02-24,48356307.46,0.0
Competidor10,2019-03-03,45039309.0,0.0
Competidor10,2019-03-10,50653821.0,0.0
Competidor10,2019-03-17,46872108.29,0.0
Competidor10,2019-03-24,49266009.66,0.0
Competidor10,2019-03-31,46265132.46,0.0
Competidor10,2019-04-07,50733548.0,0.0
Competidor10,2019-04-14,49202541.54,0.0
Competidor10,2019-04-21,51293031.0,0.0
Competidor10,2019-04-28,49301217.0,0.0
Competidor10,2019-05-05,52809678.0,0.0
Competidor10,2019-05-12,51913772.04,0.0
Competidor10,2019-05-19,53915752.38,0.0
Competidor10,2019-05-26,53422943.96,0.0
Competidor10,2019-06-02,52717410.0,0.0
Competidor10,2019-06-09,53887869.92,0.0
Competidor10,2019-06-16,54287286.58,0.0
Competidor10,2019-06-23,51713555.42,0.0
Competidor10,2019-06-30,55114157.0,0.0
Competidor10,2019-07-07,55205146.2,0.0
Competidor10,2019-07-14,52573484.04,0.0
Competidor10,2019-07-21,51701982.5,0.0
Competidor10,2019-07-28,54426856.96,0.0
Competidor10,2019-08-04,51550146.25,0.0
Competidor10,2019-08-11,55390284.75,0.0
Competidor10,2019-08-18,51641337.46,0.0
Competidor10,2019-08-25,53487628.46,0.0
Competidor10,2019-09-01,52003190.5,0.0
Competidor10,2019-09-08,53283029.46,0.0
Competidor10,2019-09-15,51333477.46,0.0
Competidor10,2019-09-22,53115037.88,0.0
Competidor10,2019-09-29,49530369.5,0.0
Competidor10,2019-10-06,51955504.86,0.0
Competidor10,2019-10-13,50646565.42,0.0
Competidor10,2019-10-20,51713709.92,0.0
Competidor10,2019-10-27,47381704.46,0.0
Competidor10,2019-11-03,49126513.46,0.0
Competidor10,2019-11-10,48648038.88,0.0
Competidor10,2019-11-17,49569867.96,0.0
Competidor10,2019-11-24,46414104.46,0.0
Competidor10,2019-12-01,46761653.46,0.0
Competidor10,2019-12-08,47571117.88,0.0
Competidor10,2019-12-15,48254048.04,0.0
Competidor10,2019-12-22,47709906.42,0.0
Competidor10,2019-12-29,45188933.46,0.0
Competidor10,2020-01-05,44076613.96,0.0
Competidor10,2020-01-12,48047478.5,0.0
Competidor10,2020-01-19,44719325.96,0.0
Competidor10,2020-01-26,45550300.5,0.0
Competidor10,2020-02-02,43099834.46,0.0
Competidor10,2020-02-09,48258526.42,0.0
Competidor10,2020-02-16,45405305.68,0.0
Competidor10,2020-02-23,46473004.4,0.0
Competidor10,2020-03-01,44025323.04,0.0
Competidor10,2020-03-08,49348477.94,0.0
Competidor10,2020-03-15,46516642.96,0.0
Competidor10,2020-03-22,57020210.9,0.0
Competidor10,2020-03-29,50259789.86,0.0
Competidor10,2020-04-05,44877584.5,0.0
Competidor10,2020-04-12,45359396.46,0.0
Competidor10,2020-04-19,49276030.96,0.0
Competidor10,2020-04-26,46910735.08,0.0
Competidor10,2020-05-03,50106794.5,0.0
Competidor10,2020-05-10,51849176.9,0.0
Competidor10,2020-05-17,52727105.96,0.0
Competidor10,2020-05-24,52897272.5,0.0
Competidor10,2020-06-07,54565260.0,0.0
Competidor10,2020-06-14,57269818.0,0.0
Competidor10,2020-06-21,54462992.96,0.0
Competidor10,2020-06-28,55724412.18,0.0
Competidor10,2020-07-05,56657364.46,0.0
Competidor10,2020-07-12,55222596.5,0.0
Competidor10,2020-07-19,51357599.0,0.0
Competidor10,2020-07-26,53228025.88,0.0
Competidor10,2020-08-02,52639697.0,0.0
Competidor10,2020-08-09,56023884.96,0.0
Competidor10,2020-08-16,53432188.5,0.0
Competidor10,2020-08-23,54235301.96,0.0
Competidor10,2020-09-06,54969882.0,0.0
Competidor10,2020-09-13,51492340.0,0.0
Competidor10,2020-09-20,52441086.5,0.0
Competidor10,2020-09-27,49593088.0,0.0
Competidor10,2020-09-30,51397030.0,0.0
Competidor10,2020-10-04,51952103.46,0.0
Competidor10,2020-10-11,50115445.46,0.0
Competidor10,2020-10-18,51482501.0,0.0
Competidor10,2020-10-25,47557005.5,0.0
Competidor10,2020-11-01,49705056.5,0.0
Competidor10,2020-11-08,48931840.2,0.0
Competidor10,2020-11-15,51821256.5,0.0
Competidor10,2020-11-22,49507578.0,0.0
Competidor10,2020-12-06,46117551.7,0.0
Competidor10,2020-12-13,48474999.0,0.0
Competidor10,2020-12-20,47880588.96,0.0
Competidor10,2020-12-27,45845046.5,0.0
Competidor10,2020-12-29,46560120.96,0.0
Competidor10,2021-01-03,42639370.5,0.0
Competidor10,2021-01-10,47038291.5,0.0
Competidor10,2021-01-17,45531335.9,0.0
Competidor10,2021-01-24,45111362.0,0.0
Competidor10,2021-02-07,45321832.46,0.0
Competidor10,2021-02-14,45069593.96,0.0
Competidor10,2021-02-21,43971294.0,0.0
Competidor10,2021-02-28,43511549.46,0.0
Competidor10,2021-03-04,47768650.0,0.0
Competidor10,2021-03-07,46779424.25,0.0
Competidor10,2021-03-14,47573322.5,0.0
Competidor10,2021-03-21,47033842.25,0.0
Competidor10,2021-03-28,46336713.0,0.0
Competidor10,2021-04-02,46847466.0,0.0
Competidor10,2021-04-11,49955837.9,0.0
Competidor10,2021-04-18,50228161.0,0.0
Competidor10,2021-04-25,49505072.0,0.0
Competidor10,2021-05-09,50454043.5,0.0
Competidor10,2021-05-16,48505555.0,0.0
Competidor10,2021-05-23,49007101.6,0.0
Competidor10,2021-05-30,50729792.5,0.0
Competidor10,2021-06-04,51810012.1,0.0
Competidor10,2021-06-06,49596912.56,0.0
Competidor10,2021-06-13,50978866.0,0.0
Competidor10,2021-06-20,50000873.5,0.0
Competidor10,2021-06-27,49285484.5,0.0
Competidor10,2021-07-01,49443344.5,0.0
Competidor10,2021-07-11,50647886.0,0.0
Competidor10,2021-07-18,49642602.0,0.0
Competidor10,2021-07-25,50190189.36,0.0
Competidor10,2021-08-08,50914661.9,0.0
Competidor10,2021-08-15,50012209.38,0.0
Competidor10,2021-08-22,50560362.96,0.0
Competidor10,2021-08-29,48701631.5,0.0
Competidor10,2021-09-03,46828399.46,0.0
Competidor10,2021-09-05,50174151.3,0.0
Competidor10,2021-09-12,48008190.5,0.0
Competidor10,2021-09-19,48591833.0,0.0
Competidor10,2021-09-26,47154744.0,0.0
Competidor10,2021-10-10,48192352.5,0.0
Competidor10,2021-10-17,46721702.96,0.0
Competidor10,2021-10-24,47465891.0,0.0
Competidor10,2021-10-31,45290065.3,0.0
Competidor10,2021-11-07,46541488.0,0.0
Competidor10,2021-11-14,44509436.82,0.0
Competidor10,2021-11-21,45867433.42,0.0
Competidor10,2021-11-28,41448559.26,0.0
Competidor10,2021-12-02,40734707.7,0.0
Competidor10,2021-12-05,43734617.7,0.0
Competidor10,2021-12-12,43374029.5,0.0
Competidor10,2021-12-19,44772053.46,0.0
Competidor10,2021-12-26,43282145.0,0.0
Competidor10,2022-01-09,41129043.4,0.0
Competidor10,2022-01-16,41230501.9,0.0
Competidor10,2022-01-23,38892320.0,0.0
Competidor10,2022-01-30,39808047.5,0.0
Competidor10,2022-02-06,39953249.0,0.0
Competidor10,2022-02-13,41230773.5,0.0
Competidor10,2022-02-20,42682767.5,0.0
Competidor10,2022-02-27,41877402.0,0.0
Competidor10,2022-03-03,42590943.3,0.0
Competidor10,2022-03-06,43768313.4,0.0
Competidor10,2022-03-13,42488160.2,0.0
Competidor10,2022-03-20,42507707.0,0.0
Competidor10,2022-03-27,43279365.46,0.0
Competidor10,2022-04-01,43861025.92,0.0
Competidor10,2022-04-10,43246341.96,0.0
Competidor10,2022-04-17,41876017.84,0.0
Competidor10,2022-04-24,43099311.0,0.0
Competidor10,2022-05-08,43983489.5,0.0
Competidor2,2019-01-06,40087478.0,0.0
Competidor2,2019-01-13,43198724.25,0.0
Competidor2,2019-01-20,40884593.4,0.0
Competidor2,2019-01-27,42915201.6,0.0
Competidor2,2019-02-03,40878248.5,0.0
Competidor2,2019-02-10,45095990.5,0.0
Competidor2,2019-02-17,40817901.0,0.0
Competidor2,2019-02-24,44470101.2,0.0
Competidor2,2019-03-03,41516266.7,0.0
Competidor2,2019-03-10,45266247.8,0.0
Competidor2,2019-03-17,41438561.2,0.0
Competidor2,2019-03-24,43925497.0,0.0
Competidor2,2019-03-31,42205949.0,0.0
Competidor2,2019-04-07,45738068.0,0.0
Competidor2,2019-04-14,44280235.5,0.0
Competidor2,2019-04-21,45814207.3,0.0
Competidor2,2019-04-28,43930480.75,0.0
Competidor2,2019-05-05,47180493.9,0.0
Competidor2,2019-05-12,46125845.6,0.0
Competidor2,2019-05-19,47193013.95,0.0
Competidor2,2019-05-26,46714521.0,0.0
Competidor2,2019-06-02,47091164.5,0.0
Competidor2,2019-06-09,49272876.3,0.0
Competidor2,2019-06-16,51634436.55,0.0
Competidor2,2019-06-23,48350524.7,0.0
Competidor2,2019-06-30,52769548.1,0.0
Competidor2,2019-07-07,47535250.3,0.0
Competidor2,2019-07-14,46120367.9,0.0
Competidor2,2019-07-21,45250462.6,0.0
Competidor2,2019-07-28,47118017.36,0.0
Competidor2,2019-08-04,46092987.65,0.0
Competidor2,2019-08-11,48478282.1,0.0
Competidor2,2019-08-18,45760824.45,0.0
Competidor2,2019-08-25,46547175.9,0.0
Competidor2,2019-09-01,46427195.7,0.0
Competidor2,2019-09-08,47273826.45,0.0
Competidor2,2019-09-15,45088563.5,0.0
Competidor2,2019-09-22,46534934.0,0.0
Competidor2,2019-09-29,44206541.1,0.0
Competidor2,2019-10-06,46381140.16,0.0
Competidor2,2019-10-13,44752742.5,0.0
Competidor2,2019-10-20,46097868.35,0.0
Competidor2,2019-10-27,42028367.25,0.0
Competidor2,2019-11-03,42880532.15,0.0
Competidor2,2019-11-10,43132257.75,0.0
Competidor2,2019-11-17,42833543.0,0.0
Competidor2,2019-11-24,41861002.6,0.0
Competidor2,2019-12-01,40918209.05,0.0
Competidor2,2019-12-08,42593549.6,0.0
Competidor2,2019-12-15,42504668.7,0.0
Competidor2,2019-12-22,41893903.55,0.0
Competidor2,2019-12-29,39100872.0,0.0
Competidor2,2020-01-05,39290829.35,0.0
Competidor2,2020-01-12,41579139.8,0.0
Competidor2,2020-01-19,38657868.75,0.0
Competidor2,2020-01-26,40110406.45,0.0
Competidor2,2020-02-02,39141643.84,0.0
Competidor2,2020-02-09,42452000.3,0.0
Competidor2,2020-02-16,40102330.0,0.0
Competidor2,2020-02-23,40478897.25,0.0
Competidor2,2020-03-01,39118917.5,0.0
Competidor2,2020-03-08,43370512.1,0.0
Competidor2,2020-03-15,41354043.0,0.0
Competidor2,2020-03-22,49907284.3,0.0
Competidor2,2020-03-29,41756097.0,0.0
Competidor2,2020-04-05,39421183.25,0.0
Competidor2,2020-04-12,38557215.0,0.0
Competidor2,2020-04-19,41276300.0,0.0
Competidor2,2020-04-26,40614197.0,0.0
Competidor2,2020-05-03,44269845.0,0.0
Competidor2,2020-05-10,45900198.05,0.0
Competidor2,2020-05-17,44453790.6,0.0
Competidor2,2020-05-24,46099961.3,0.0
Competidor2,2020-06-07,47398211.94,0.0
Competidor2,2020-06-14,48825964.1,0.0
Competidor2,2020-06-21,48371270.3,0.0
Competidor2,2020-06-28,47579131.46,0.0
Competidor2,2020-07-05,48589206.0,0.0
Competidor2,2020-07-12,47566029.76,0.0
Competidor2,2020-07-19,45936019.35,0.0
Competidor2,2020-07-26,47348322.75,0.0
Competidor2,2020-08-02,46570997.1,0.0
Competidor2,2020-08-09,48732352.1,0.0
Competidor2,2020-08-16,47017373.95,0.0
Competidor2,2020-08-23,47639439.5,0.0
Competidor2,2020-09-06,48441506.35,0.0
Competidor2,2020-09-13,45538147.7,0.0
Competidor2,2020-09-20,45933994.9,0.0
Competidor2,2020-09-27,45227517.0,0.0
Competidor2,2020-09-30,45788948.45,0.0
Competidor2,2020-10-04,45406189.4,0.0
Competidor2,2020-10-11,43776565.7,0.0
Competidor2,2020-10-18,44040417.3,0.0
Competidor2,2020-10-25,42138096.4,0.0
Competidor2,2020-11-01,43764521.8,0.0
Competidor2,2020-11-08,42392977.9,0.0
Competidor2,2020-11-15,43340935.3,0.0
Competidor2,2020-11-22,42583513.0,0.0
Competidor2,2020-12-06,40905114.5,0.0
Competidor2,2020-12-13,42233664.5,0.0
Competidor2,2020-12-20,40639094.0,0.0
Competidor2,2020-12-27,39933372.4,0.0
Competidor2,2020-12-29,39705571.5,0.0
Competidor2,2021-01-03,38805749.0,0.0
Competidor2,2021-01-10,40634790.0,0.0
Competidor2,2021-01-17,39137780.0,0.0
Competidor2,2021-01-24,39785576.0,0.0
Competidor2,2021-02-07,39547877.3,0.0
Competidor2,2021-02-14,39218705.0,0.0
Competidor2,2021-02-21,38312811.8,0.0
Competidor2,2021-02-28,38125319.0,0.0
Competidor2,2021-03-04,42063064.9,0.0
Competidor2,2021-03-07,40124189.0,0.0
Competidor2,2021-03-14,39775557.4,0.0
Competidor2,2021-03-21,40039598.5,0.0
Competidor2,2021-03-28,41098866.3,0.0
Competidor2,2021-04-02,41286109.8,0.0
Competidor2,2021-04-11,43100347.2,0.0
Competidor2,2021-04-18,42334707.5,0.0
Competidor2,2021-04-25,42052641.0,0.0
Competidor2,2021-05-09,43546753.5,0.0
Competidor2,2021-05-16,41712464.0,0.0
Competidor2,2021-05-23,43161126.3,0.0
Competidor2,2021-05-30,45436439.0,0.0
Competidor2,2021-06-04,46892599.0,0.0
Competidor2,2021-06-06,43701086.0,0.0
Competidor2,2021-06-13,44634766.0,0.0
Competidor2,2021-06-20,43930295.5,0.0
Competidor2,2021-06-27,44820397.0,0.0
Competidor2,2021-07-01,43629675.0,0.0
Competidor2,2021-07-11,43751449.5,0.0
Competidor2,2021-07-18,42985697.5,0.0
Competidor2,2021-07-25,43582308.5,0.0
Competidor2,2021-08-08,44715778.0,0.0
Competidor2,2021-08-15,43877792.5,0.0
Competidor2,2021-08-22,44161009.0,0.0
Competidor2,2021-08-29,42794412.5,0.0
Competidor2,2021-09-03,42154771.5,0.0
Competidor2,2021-09-05,44307121.1,0.0
Competidor2,2021-09-12,42593039.6,0.0
Competidor2,2021-09-19,42326751.5,0.0
Competidor2,2021-09-26,41961908.0,0.0
Competidor2,2021-10-10,42525649.2,0.0
Competidor2,2021-10-17,41357666.0,0.0
Competidor2,2021-10-24,40238373.2,0.0
Competidor2,2021-10-31,39870407.1,0.0
Competidor2,2021-11-07,40698083.5,0.0
Competidor2,2021-11-14,39824827.5,0.0
Competidor2,2021-11-21,39897223.5,0.0
Competidor2,2021-11-28,36326696.0,0.0
Competidor2,2021-12-02,35728829.0,0.0
Competidor2,2021-12-05,39776213.1,0.0
Competidor2,2021-12-12,38704061.0,0.0
Competidor2,2021-12-19,38855562.0,0.0
Competidor2,2021-12-26,37226002.0,0.0
Competidor2,2022-01-09,36155468.5,0.0
Competidor2,2022-01-16,34815467.0,0.0
Competidor2,2022-01-23,34406807.5,0.0
Competidor2,2022-01-30,34924604.5,0.0
Competidor2,2022-02-06,35801471.5,0.0
Competidor2,2022-02-13,36382186.0,0.0
Competidor2,2022-02-20,37123804.0,0.0
Competidor2,2022-02-27,36109335.5,0.0
Competidor2,2022-03-03,37930595.5,0.0
Competidor2,2022-03-06,38352576.6,0.0
Competidor2,2022-03-13,36998516.5,0.0
Competidor2,2022-03-20,36486642.5,0.0
Competidor2,2022-03-27,37801015.5,0.0
Competidor2,2022-04-01,38060121.5,0.0
Competidor2,2022-04-10,38301684.5,0.0
Competidor2,2022-04-17,37199508.5,0.0
Competidor2,2022-04-24,37747067.5,0.0
Competidor2,2022-05-08,38826079.5,0.0
Competidor3,2019-01-06,3792128.0,6565556.5
Competidor3,2019-01-13,2568676.0,6467413.0
Competidor3,2019-01-20,2644847.0,7297138.5
Competidor3,2019-01-27,2782482.0,6181217.5
Competidor3,2019-02-03,3741709.0,6681464.0
Competidor3,2019-02-10,3687972.0,7101862.5
Competidor3,2019-02-17,2421020.0,7084604.0
Competidor3,2019-02-24,2730717.0,6480372.0
Competidor3,2019-03-03,2904549.0,7033289.0
Competidor3,2019-03-10,3180979.0,7647591.5
Competidor3,2019-03-17,4005906.0,7400145.0
Competidor3,2019-03-24,3965916.0,6632179.5
Competidor3,2019-03-31,2425668.0,6900369.5
Competidor3,2019-04-07,2755858.0,7263040.0
Competidor3,2019-04-14,2913541.0,7640027.5
Competidor3,2019-04-21,3498200.0,7668461.0
Competidor3,2019-04-28,4079367.0,6845810.5
Competidor3,2019-05-05,2647569.0,7403346.5
Competidor3,2019-05-12,2935113.0,7722083.0
Competidor3,2019-05-19,3571967.0,7657175.5
Competidor3,2019-05-26,4060400.0,7140731.0
Competidor3,2019-06-02,3162240.0,7486496.0
Competidor3,2019-06-09,4773710.0,8065524.5
Competidor3,2019-06-16,2710606.0,7555792.5
Competidor3,2019-06-23,3415475.0,7265159.0
Competidor3,2019-06-30,2760953.0,7060745.0
Competidor3,2019-07-07,3819778.0,8116868.0
Competidor3,2019-07-14,2555839.0,7020428.5
Competidor3,2019-07-21,3399245.0,7028667.5
Competidor3,2019-07-28,3589220.0,7175497.0
Competidor3,2019-08-04,2561032.0,7551125.5
Competidor3,2019-08-11,3073468.0,7793604.9
Competidor3,2019-08-18,3852066.0,7552499.5
Competidor3,2019-08-25,3842696.0,6749138.0
Competidor3,2019-09-01,2587591.0,7318778.0
Competidor3,2019-09-08,2887511.0,7702158.0
Competidor3,2019-09-15,3978492.0,7515788.5
Competidor3,2019-09-22,3976207.0,6559169.5
Competidor3,2019-09-29,2224183.0,6935448.5
Competidor3,2019-10-06,2672494.0,7367044.0
Competidor3,2019-10-13,3002833.0,7570950.5
Competidor3,2019-10-20,3502937.0,7428606.0
Competidor3,2019-10-27,3805619.0,6433190.5
Competidor3,2019-11-03,2350624.0,6758727.0
Competidor3,2019-11-10,2556349.0,7058888.5
Competidor3,2019-11-17,3286792.0,6878384.5
Competidor3,2019-11-24,3759500.0,6131599.5
Competidor3,2019-12-01,2371004.0,6685170.0
Competidor3,2019-12-08,2552638.0,7156740.5
Competidor3,2019-12-15,3046013.0,6896814.5
Competidor3,2019-12-22,4580066.0,5967162.5
Competidor3,2019-12-29,2418493.0,6059472.5
Competidor3,2020-01-05,3047532.0,6361751.5
Competidor3,2020-01-12,2116845.0,6442214.0
Competidor3,2020-01-19,2808484.0,6939222.5
Competidor3,2020-01-26,3031486.0,5838445.5
Competidor3,2020-02-02,2077866.0,6465567.0
Competidor3,2020-02-09,2498398.0,6661872.5
Competidor3,2020-02-16,3458275.0,6625444.0
Competidor3,2020-02-23,3411778.0,5814170.0
Competidor3,2020-03-01,2231294.0,6453944.0
Competidor3,2020-03-08,2532585.0,7207186.5
Competidor3,2020-03-15,3687975.0,7073357.5
Competidor3,2020-03-22,4173303.0,7115878.0
Competidor3,2020-03-29,2500140.0,7384352.0
Competidor3,2020-04-05,2232179.0,6540162.0
Competidor3,2020-04-12,2727811.0,7534836.0
Competidor3,2020-04-19,2903009.0,7102629.0
Competidor3,2020-04-26,4389322.0,6556337.0
Competidor3,2020-05-03,2564543.0,7456899.0
Competidor3,2020-05-10,2491756.0,7814255.0
Competidor3,2020-05-17,3240459.0,7553318.5
Competidor3,2020-05-24,3977891.0,7468584.5
Competidor3,2020-06-07,3347150.0,8161299.0
Competidor3,2020-06-14,4302433.0,7966643.5
Competidor3,2020-06-21,2488991.0,7193440.0
Competidor3,2020-06-28,2382422.0,7513756.0
Competidor3,2020-07-05,3398124.0,8298338.5
Competidor3,2020-07-12,3748843.0,8228679.0
Competidor3,2020-07-19,2348940.0,7082965.0
Competidor3,2020-07-26,2550511.0,7331481.5
Competidor3,2020-08-02,2764907.0,7617996.0
Competidor3,2020-08-09,2998247.0,7928244.0
Competidor3,2020-08-16,3781562.0,7882001.0
Competidor3,2020-08-23,3728626.0,6795708.5
Competidor3,2020-09-06,2485585.0,7778207.0
Competidor3,2020-09-13,3601173.0,7668290.0
Competidor3,2020-09-20,3844523.0,6591887.0
Competidor3,2020-09-27,2094949.0,6933558.0
Competidor3,2020-09-30,2360462.0,7352936.0
Competidor3,2020-10-04,2348152.0,7251822.6
Competidor3,2020-10-11,2538540.0,7437223.5
Competidor3,2020-10-18,3107696.0,7296502.0
Competidor3,2020-10-25,3510449.0,6457939.0
Competidor3,2020-11-01,2307938.0,6602555.1
Competidor3,2020-11-08,2333635.0,7131659.5
Competidor3,2020-11-15,3102549.0,7433771.5
Competidor3,2020-11-22,3504132.0,6512689.5
Competidor3,2020-12-06,2963732.0,6440229.5
Competidor3,2020-12-13,4173209.0,6477126.5
Competidor3,2020-12-20,3463373.0,6361403.0
Competidor3,2020-12-27,3203789.0,6079373.0
Competidor3,2020-12-29,2235437.0,6426409.0
Competidor3,2021-01-03,1764624.0,6255084.5
Competidor3,2021-01-10,2148906.0,6858060.5
Competidor3,2021-01-17,2916789.0,6980672.5
Competidor3,2021-01-24,3210853.0,5894447.0
Competidor3,2021-02-07,2750490.0,6859425.5
Competidor3,2021-02-14,3420594.0,6621439.5
Competidor3,2021-02-21,2737402.0,4568037.0
Competidor3,2021-02-28,2453410.0,6488611.0
Competidor3,2021-03-04,2105854.0,6943314.0
Competidor3,2021-03-07,2432931.0,7367868.5
Competidor3,2021-03-14,3280167.0,6985952.0
Competidor3,2021-03-21,4014318.0,6280907.0
Competidor3,2021-03-28,2002608.0,6711884.5
Competidor3,2021-04-02,2400387.0,6569899.5
Competidor3,2021-04-11,2358860.0,7955574.5
Competidor3,2021-04-18,3448309.0,7284404.0
Competidor3,2021-04-25,3451829.0,6981881.5
Competidor3,2021-05-09,2807833.0,7434433.0
Competidor3,2021-05-16,3144455.0,6797768.0
Competidor3,2021-05-23,3463190.0,6235330.0
Competidor3,2021-05-30,2337679.0,7076627.0
Competidor3,2021-06-04,2244859.0,7042468.5
Competidor3,2021-06-06,2277393.0,7755080.0
Competidor3,2021-06-13,3444743.0,7110131.5
Competidor3,2021-06-20,4113601.0,6048777.5
Competidor3,2021-06-27,2234641.0,6588506.0
Competidor3,2021-07-01,2226318.0,6644131.5
Competidor3,2021-07-11,2324269.0,7084953.4
Competidor3,2021-07-18,3210433.0,6808807.5
Competidor3,2021-07-25,3494707.0,6370102.0
Competidor3,2021-08-08,2644541.0,7303854.0
Competidor3,2021-08-15,3056166.0,6654862.5
Competidor3,2021-08-22,3496738.0,6123059.5
Competidor3,2021-08-29,2157448.0,6426882.3
Competidor3,2021-09-03,1998919.0,6311306.3
Competidor3,2021-09-05,2254680.0,6994526.3
Competidor3,2021-09-12,2643494.0,6304061.1
Competidor3,2021-09-19,4362102.0,6172542.9
Competidor3,2021-09-26,2167342.0,6237854.0
Competidor3,2021-10-10,2406585.0,6728216.9
Competidor3,2021-10-17,2828677.0,6519097.1
Competidor3,2021-10-24,3108657.0,5931037.0
Competidor3,2021-10-31,2430244.0,6487923.0
Competidor3,2021-11-07,2851889.0,6621252.5
Competidor3,2021-11-14,2600674.0,5918193.3
Competidor3,2021-11-21,3353363.0,5805092.0
Competidor3,2021-11-28,2003482.0,6058136.7
Competidor3,2021-12-02,2152706.0,5757598.5
Competidor3,2021-12-05,2115473.0,6710645.0
Competidor3,2021-12-12,2366900.0,5670886.3
Competidor3,2021-12-19,3732824.0,5344650.7
Competidor3,2021-12-26,1981069.0,5525284.0
Competidor3,2022-01-09,3417846.0,5644853.0
Competidor3,2022-01-16,2441045.0,5409802.5
Competidor3,2022-01-23,1838833.0,5135088.1
Competidor3,2022-01-30,1951982.0,5148635.5
Competidor3,2022-02-06,2378744.0,5562459.0
Competidor3,2022-02-13,2368100.0,5516893.0
Competidor3,2022-02-20,3998929.0,5472750.6
Competidor3,2022-02-27,2139420.0,5694808.0
Competidor3,2022-03-03,2130553.0,6274655.5
Competidor3,2022-03-06,2652775.0,6225994.1
Competidor3,2022-03-13,2344827.0,5728467.3
Competidor3,2022-03-20,3341495.0,5414075.2
Competidor3,2022-03-27,2066801.0,5681130.0
Competidor3,2022-04-01,2296033.0,6329095.5
Competidor3,2022-04-10,2547340.0,6096848.0
Competidor3,2022-04-17,2522695.0,5679140.5
Competidor3,2022-04-24,3286692.0,5529787.0
Competidor3,2022-05-08,2682195.0,6212082.0
Competidor4,2019-01-06,33437807.75,0.0
Competidor4,2019-01-13,35073558.45,0.0
Competidor4,2019-01-20,32645099.16,0.0
Competidor4,2019-01-27,34642263.42,0.0
Competidor4,2019-02-03,33675869.75,0.0
Competidor4,2019-02-10,36985648.41,0.0
Competidor4,2019-02-17,32974603.45,0.0
Competidor4,2019-02-24,35570467.0,0.0
Competidor4,2019-03-03,34079241.6,0.0
Competidor4,2019-03-10,38213896.75,0.0
Competidor4,2019-03-17,35174862.0,0.0
Competidor4,2019-03-24,37668439.0,0.0
Competidor4,2019-03-31,33837213.0,0.0
Competidor4,2019-04-07,37467298.75,0.0
Competidor4,2019-04-14,35800765.0,0.0
Competidor4,2019-04-21,38603352.54,0.0
Competidor4,2019-04-28,36404870.5,0.0
Competidor4,2019-05-05,38369910.25,0.0
Competidor4,2019-05-12,37140364.0,0.0
Competidor4,2019-05-19,39344948.5,0.0
Competidor4,2019-05-26,38737621.79,0.0
Competidor4,2019-06-02,38697455.0,0.0
Competidor4,2019-06-09,39372107.0,0.0
Competidor4,2019-06-16,37786228.0,0.0
Competidor4,2019-06-23,36865165.25,0.0
Competidor4,2019-06-30,39275107.75,0.0
Competidor4,2019-07-07,38612591.25,0.0
Competidor4,2019-07-14,38291358.44,0.0
Competidor4,2019-07-21,36530680.0,0.0
Competidor4,2019-07-28,39143608.25,0.0
Competidor4,2019-08-04,36145296.0,0.0
Competidor4,2019-08-11,40009287.4,0.0
Competidor4,2019-08-18,36810296.75,0.0
Competidor4,2019-08-25,38820199.75,0.0
Competidor4,2019-09-01,36942626.54,0.0
Competidor4,2019-09-08,38279728.71,0.0
Competidor4,2019-09-15,36713599.65,0.0
Competidor4,2019-09-22,38878726.0,0.0
Competidor4,2019-09-29,35239253.0,0.0
Competidor4,2019-10-06,38432345.25,0.0
Competidor4,2019-10-13,36626531.96,0.0
Competidor4,2019-10-20,37423232.75,0.0
Competidor4,2019-10-27,35426015.79,0.0
Competidor4,2019-11-03,36215819.75,0.0
Competidor4,2019-11-10,34014057.75,0.0
Competidor4,2019-11-17,35947355.25,0.0
Competidor4,2019-11-24,34028603.5,0.0
Competidor4,2019-12-01,34774497.46,0.0
Competidor4,2019-12-08,34167737.5,0.0
Competidor4,2019-12-15,35486692.0,0.0
Competidor4,2019-12-22,34993235.5,0.0
Competidor4,2019-12-29,33389735.0,0.0
Competidor4,2020-01-05,32728363.25,0.0
Competidor4,2020-01-12,34934400.25,0.0
Competidor4,2020-01-19,32240286.75,0.0
Competidor4,2020-01-26,34041982.5,0.0
Competidor4,2020-02-02,32138055.0,0.0
Competidor4,2020-02-09,35802476.75,0.0
Competidor4,2020-02-16,32606219.9,0.0
Competidor4,2020-02-23,35029269.7,0.0
Competidor4,2020-03-01,32625893.0,0.0
Competidor4,2020-03-08,36437347.4,0.0
Competidor4,2020-03-15,34198825.25,0.0
Competidor4,2020-03-22,42200682.75,0.0
Competidor4,2020-03-29,37661437.5,0.0
Competidor4,2020-04-05,34207787.5,0.0
Competidor4,2020-04-12,35882720.5,0.0
Competidor4,2020-04-19,36166056.75,0.0
Competidor4,2020-04-26,36210917.0,0.0
Competidor4,2020-05-03,38618483.0,0.0
Competidor4,2020-05-10,37436339.0,0.0
Competidor4,2020-05-17,38533462.0,0.0
Competidor4,2020-05-24,39405115.95,0.0
Competidor4,2020-06-07,39735396.96,0.0
Competidor4,2020-06-14,40303443.0,0.0
Competidor4,2020-06-21,38516637.5,0.0
Competidor4,2020-06-28,39234425.0,0.0
Competidor4,2020-07-05,40522922.5,0.0
Competidor4,2020-07-12,40922353.5,0.0
Competidor4,2020-07-19,36855960.5,0.0
Competidor4,2020-07-26,39090646.0,0.0
Competidor4,2020-08-02,38049260.0,0.0
Competidor4,2020-08-09,40217447.0,0.0
Competidor4,2020-08-16,38656105.0,0.0
Competidor4,2020-08-23,40079036.0,0.0
Competidor4,2020-09-06,39617169.0,0.0
Competidor4,2020-09-13,37106165.9,0.0
Competidor4,2020-09-20,38807681.5,0.0
Competidor4,2020-09-27,34755276.0,0.0
Competidor4,2020-09-30,37094660.5,0.0
Competidor4,2020-10-04,37563381.6,0.0
Competidor4,2020-10-11,35868018.0,0.0
Competidor4,2020-10-18,37734625.5,0.0
Competidor4,2020-10-25,35599730.0,0.0
Competidor4,2020-11-01,37087770.6,0.0
Competidor4,2020-11-08,35526211.0,0.0
Competidor4,2020-11-15,37792064.0,0.0
Competidor4,2020-11-22,36434684.5,0.0
Competidor4,2020-12-06,33813720.5,0.0
Competidor4,2020-12-13,36055664.5,0.0
Competidor4,2020-12-20,34595307.5,0.0
Competidor4,2020-12-27,33849890.0,0.0
Competidor4,2020-12-29,34892672.5,0.0
Competidor4,2021-01-03,31207795.0,0.0
Competidor4,2021-01-10,35334323.0,0.0
Competidor4,2021-01-17,33762871.5,0.0
Competidor4,2021-01-24,34035296.0,0.0
Competidor4,2021-02-07,34052469.0,0.0
Competidor4,2021-02-14,34059477.0,0.0
Competidor4,2021-02-21,28300917.0,0.0
Competidor4,2021-02-28,34875583.0,0.0
Competidor4,2021-03-04,35402323.0,0.0
Competidor4,2021-03-07,35622364.5,0.0
Competidor4,2021-03-14,35386457.0,0.0
Competidor4,2021-03-21,36579541.5,0.0
Competidor4,2021-03-28,35087993.0,0.0
Competidor4,2021-04-02,35405867.0,0.0
Competidor4,2021-04-11,37117498.0,0.0
Competidor4,2021-04-18,37664791.5,0.0
Competidor4,2021-04-25,37058087.5,0.0
Competidor4,2021-05-09,36727186.0,0.0
Competidor4,2021-05-16,35559095.5,0.0
Competidor4,2021-05-23,36699752.5,0.0
Competidor4,2021-05-30,36675305.0,0.0
Competidor4,2021-06-04,36432977.5,0.0
Competidor4,2021-06-06,36270899.0,0.0
Competidor4,2021-06-13,37043403.0,0.0
Competidor4,2021-06-20,36884333.5,0.0
Competidor4,2021-06-27,36429139.5,0.0
Competidor4,2021-07-01,35404761.0,0.0
Competidor4,2021-07-11,35779298.4,0.0
Competidor4,2021-07-18,36336396.5,0.0
Competidor4,2021-07-25,36732620.3,0.0
Competidor4,2021-08-08,36359420.0,0.0
Competidor4,2021-08-15,35790985.46,0.0
Competidor4,2021-08-22,37011707.5,0.0
Competidor4,2021-08-29,34546959.8,0.0
Competidor4,2021-09-03,33648160.8,0.0
Competidor4,2021-09-05,35382076.8,0.0
Competidor4,2021-09-12,34148958.1,0.0
Competidor4,2021-09-19,37409440.4,0.0
Competidor4,2021-09-26,34064797.0,0.0
Competidor4,2021-10-10,34887114.9,0.0
Competidor4,2021-10-17,34623656.6,0.0
Competidor4,2021-10-24,35239516.0,0.0
Competidor4,2021-10-31,33809194.5,0.0
Competidor4,2021-11-07,33951018.5,0.0
Competidor4,2021-11-14,32813253.3,0.0
Competidor4,2021-11-21,34451660.0,0.0
Competidor4,2021-11-28,31440462.7,0.0
Competidor4,2021-12-02,30899367.5,0.0
Competidor4,2021-12-05,32307930.5,0.0
Competidor4,2021-12-12,31927950.3,0.0
Competidor4,2021-12-19,34062149.7,0.0
Competidor4,2021-12-26,32379473.0,0.0
Competidor4,2022-01-09,31737470.5,0.0
Competidor4,2022-01-16,29726226.5,0.0
Competidor4,2022-01-23,28945026.1,0.0
Competidor4,2022-01-30,29554553.0,0.0
Competidor4,2022-02-06,29651809.0,0.0
Competidor4,2022-02-13,30777430.5,0.0
Competidor4,2022-02-20,32502262.6,0.0
Competidor4,2022-02-27,32143846.0,0.0
Competidor4,2022-03-03,32362110.5,0.0
Competidor4,2022-03-06,32506197.1,0.0
Competidor4,2022-03-13,32325324.3,0.0
Competidor4,2022-03-20,31715527.2,0.0
Competidor4,2022-03-27,32994861.0,0.0
Competidor4,2022-04-01,34502930.5,0.0
Competidor4,2022-04-10,32263526.0,0.0
Competidor4,2022-04-17,31326462.5,0.0
Competidor4,2022-04-24,32592038.0,0.0
Competidor4,2022-05-08,33457145.0,0.0
Competidor5,2019-01-06,4374727.0,12738123.0
Competidor5,2019-01-13,3207331.0,12916400.0
Competidor5,2019-01-20,3339479.0,14639175.0
Competidor5,2019-01-27,3525728.0,12171131.0
Competidor5,2019-02-03,4265137.0,13032856.0
Competidor5,2019-02-10,4977378.0,14329016.0
Competidor5,2019-02-17,3122006.0,14126851.0
Competidor5,2019-02-24,3338361.0,12766686.0
Competidor5,2019-03-03,3512670.0,13824043.0
Competidor5,2019-03-10,3893406.0,15181926.0
Competidor5,2019-03-17,4548177.0,14724554.0
Competidor5,2019-03-24,5216008.0,13155203.0
Competidor5,2019-03-31,3090287.0,13811339.0
Competidor5,2019-04-07,3344723.0,14409815.0
Competidor5,2019-04-14,3677999.0,14982478.0
Competidor5,2019-04-21,3973583.0,14898550.0
Competidor5,2019-04-28,5279475.0,13112259.0
Competidor5,2019-05-05,3312839.0,14238175.0
Competidor5,2019-05-12,3640552.0,14919475.0
Competidor5,2019-05-19,4331712.0,15069708.0
Competidor5,2019-05-26,5076637.0,13734747.0
Competidor5,2019-06-02,3971782.0,14234121.0
Competidor5,2019-06-09,5440865.0,15289538.0
Competidor5,2019-06-16,3275423.0,14727138.0
Competidor5,2019-06-23,4117137.0,13942963.0
Competidor5,2019-06-30,3551314.0,13668803.0
Competidor5,2019-07-07,4369707.0,15857785.0
Competidor5,2019-07-14,3425829.0,13131792.0
Competidor5,2019-07-21,4080492.0,13424197.0
Competidor5,2019-07-28,4672027.0,13891378.0
Competidor5,2019-08-04,3291076.0,14264873.0
Competidor5,2019-08-11,3734236.0,14810017.0
Competidor5,2019-08-18,4131930.0,14551114.0
Competidor5,2019-08-25,5187530.0,12904530.0
Competidor5,2019-09-01,3463305.0,14236523.0
Competidor5,2019-09-08,3423865.0,14348603.0
Competidor5,2019-09-15,4344010.0,14750368.0
Competidor5,2019-09-22,5202602.0,12894956.0
Competidor5,2019-09-29,2922966.0,13276141.0
Competidor5,2019-10-06,3295047.0,14580834.0
Competidor5,2019-10-13,3666887.0,15223206.2
Competidor5,2019-10-20,4220527.0,14632057.0
Competidor5,2019-10-27,4507053.0,12491882.0
Competidor5,2019-11-03,3068050.0,13366446.0
Competidor5,2019-11-10,3412852.0,14084838.0
Competidor5,2019-11-17,4149640.0,14182331.0
Competidor5,2019-11-24,4679273.0,12563363.0
Competidor5,2019-12-01,2933727.0,13260554.0
Competidor5,2019-12-08,3334222.0,14266379.0
Competidor5,2019-12-15,3763175.0,14273955.0
Competidor5,2019-12-22,5646149.0,12266166.0
Competidor5,2019-12-29,2987835.0,11686546.0
Competidor5,2020-01-05,4003814.0,12613644.0
Competidor5,2020-01-12,2775446.0,12942803.0
Competidor5,2020-01-19,3406011.0,14166348.0
Competidor5,2020-01-26,4128079.0,11843108.0
Competidor5,2020-02-02,2774257.0,13026938.0
Competidor5,2020-02-09,3123248.0,13512065.0
Competidor5,2020-02-16,4090352.0,13797391.0
Competidor5,2020-02-23,4719092.0,11994771.0
Competidor5,2020-03-01,2850366.0,13157141.0
Competidor5,2020-03-08,3204588.0,14699745.0
Competidor5,2020-03-15,4191666.0,14658737.0
Competidor5,2020-03-22,5879848.0,14965689.0
Competidor5,2020-03-29,3320538.0,15238644.0
Competidor5,2020-04-05,2861088.0,13746562.0
Competidor5,2020-04-12,3346796.0,14511210.0
Competidor5,2020-04-19,3659875.0,14213170.0
Competidor5,2020-04-26,5412466.0,12728732.0
Competidor5,2020-05-03,2826913.0,14314264.0
Competidor5,2020-05-10,3186897.0,15419915.0
Competidor5,2020-05-17,4281845.0,15126753.0
Competidor5,2020-05-24,5001007.0,14165254.0
Competidor5,2020-06-07,4238757.0,15920451.0
Competidor5,2020-06-14,5248152.0,16133136.0
Competidor5,2020-06-21,3283287.0,13960878.0
Competidor5,2020-06-28,3083314.0,14563210.0
Competidor5,2020-07-05,4125213.0,16004468.0
Competidor5,2020-07-12,4627097.0,15781919.0
Competidor5,2020-07-19,3119742.0,13400354.0
Competidor5,2020-07-26,3324375.0,14116428.0
Competidor5,2020-08-02,3441132.0,14671004.0
Competidor5,2020-08-09,3697971.0,15462307.0
Competidor5,2020-08-16,4485587.0,15359603.0
Competidor5,2020-08-23,4872082.0,13316671.0
Competidor5,2020-09-06,3180537.0,15248398.0
Competidor5,2020-09-13,4355014.0,15069252.0
Competidor5,2020-09-20,4840930.0,12671008.0
Competidor5,2020-09-27,2835244.0,13573525.0
Competidor5,2020-09-30,3021815.0,14056822.0
Competidor5,2020-10-04,2963552.0,14181991.0
Competidor5,2020-10-11,3217893.0,14646775.0
Competidor5,2020-10-18,4091241.0,14744600.0
Competidor5,2020-10-25,4306770.0,12772044.0
Competidor5,2020-11-01,2965502.0,13209555.0
Competidor5,2020-11-08,3118255.0,14193719.0
Competidor5,2020-11-15,4085284.0,15309112.0
Competidor5,2020-11-22,4464900.0,13194395.0
Competidor5,2020-12-06,3831187.0,13269296.0
Competidor5,2020-12-13,5159027.0,13526735.0
Competidor5,2020-12-20,5420471.0,13238199.0
Competidor5,2020-12-27,4638873.0,12234692.0
Competidor5,2020-12-29,2828632.0,12962991.0
Competidor5,2021-01-03,2509535.0,12756777.0
Competidor5,2021-01-10,3081300.0,13759975.0
Competidor5,2021-01-17,3627540.0,14298125.0
Competidor5,2021-01-24,4098938.0,11721062.0
Competidor5,2021-02-07,3542365.0,13526494.0
Competidor5,2021-02-14,4185549.0,13441686.0
Competidor5,2021-02-21,3800726.0,10458015.0
Competidor5,2021-02-28,3218928.0,12959036.0
Competidor5,2021-03-04,2835453.0,14552489.0
Competidor5,2021-03-07,3131283.0,14529700.0
Competidor5,2021-03-14,4093491.0,14276962.0
Competidor5,2021-03-21,5088403.0,12911313.0
Competidor5,2021-03-28,2730703.0,13617776.0
Competidor5,2021-04-02,3120869.0,13951498.5
Competidor5,2021-04-11,3137968.0,16054817.0
Competidor5,2021-04-18,4128440.0,14657176.0
Competidor5,2021-04-25,4295427.0,14297202.9
Competidor5,2021-05-09,3823829.0,15776757.0
Competidor5,2021-05-16,4250719.0,14158384.0
Competidor5,2021-05-23,4429906.0,12468976.0
Competidor5,2021-05-30,3088764.0,13999456.0
Competidor5,2021-06-04,3022488.0,14248653.0
Competidor5,2021-06-06,2976197.0,15389566.0
Competidor5,2021-06-13,4288219.0,14344985.0
Competidor5,2021-06-20,5565214.0,12361188.0
Competidor5,2021-06-27,3291135.0,12934410.0
Competidor5,2021-07-01,3320176.0,13494460.0
Competidor5,2021-07-11,3003206.7,14200563.0
Competidor5,2021-07-18,3776015.0,13306987.5
Competidor5,2021-07-25,5103655.0,13051168.0
Competidor5,2021-08-08,4132605.0,14180921.0
Competidor5,2021-08-15,3649249.0,13067076.0
Competidor5,2021-08-22,4249182.0,12528218.0
Competidor5,2021-08-29,3244832.0,13331367.7
Competidor5,2021-09-03,2854284.0,13079950.0
Competidor5,2021-09-05,3512389.0,14238404.3
Competidor5,2021-09-12,3407865.0,12818545.0
Competidor5,2021-09-19,5075517.0,12279029.0
Competidor5,2021-09-26,3470933.0,12478978.0
Competidor5,2021-10-10,3230893.0,13862703.0
Competidor5,2021-10-17,3856050.0,13171356.0
Competidor5,2021-10-24,4229092.0,12229921.0
Competidor5,2021-10-31,3275092.0,13210266.0
Competidor5,2021-11-07,4082376.0,13531973.0
Competidor5,2021-11-14,3682441.0,12118513.0
Competidor5,2021-11-21,4785748.0,12290192.0
Competidor5,2021-11-28,2753385.0,12013689.8
Competidor5,2021-12-02,2984626.0,11805265.6
Competidor5,2021-12-05,2899937.0,13680348.7
Competidor5,2021-12-12,3235373.0,12216544.5
Competidor5,2021-12-19,4977417.0,11817668.6
Competidor5,2021-12-26,2758312.0,11741815.0
Competidor5,2022-01-09,4580028.0,12282119.1
Competidor5,2022-01-16,3530822.0,12067208.0
Competidor5,2022-01-23,2773498.0,10735466.6
Competidor5,2022-01-30,2743764.0,10862082.6
Competidor5,2022-02-06,3026038.0,11512849.3
Competidor5,2022-02-13,3309167.0,11841966.0
Competidor5,2022-02-20,5167188.0,11738377.0
Competidor5,2022-02-27,3161843.0,12219523.5
Competidor5,2022-03-03,2995622.0,13149942.2
Competidor5,2022-03-06,4264970.0,13108695.4
Competidor5,2022-03-13,3203645.0,12160080.0
Competidor5,2022-03-20,4581047.0,11555519.0
Competidor5,2022-03-27,2870267.0,12059225.0
Competidor5,2022-04-01,3205509.0,13129738.1
Competidor5,2022-04-10,3414393.0,13750729.0
Competidor5,2022-04-17,3528132.0,11745334.3
Competidor5,2022-04-24,4486068.0,11694785.2
Competidor5,2022-05-08,3838649.0,13166704.1
Competidor6,2019-01-06,49876275.5,0.0
Competidor6,2019-01-13,53622682.9,0.0
Competidor6,2019-01-20,50414639.8,0.0
Competidor6,2019-01-27,52815638.9,0.0
Competidor6,2019-02-03,49815094.46,0.0
Competidor6,2019-02-10,57351965.2,0.0
Competidor6,2019-02-17,50571870.0,0.0
Competidor6,2019-02-24,54164551.86,0.0
Competidor6,2019-03-03,51087574.5,0.0
Competidor6,2019-03-10,57639866.0,0.0
Competidor6,2019-03-17,53957728.5,0.0
Competidor6,2019-03-24,56021712.11,0.0
Competidor6,2019-03-31,52024152.0,0.0
Competidor6,2019-04-07,56563809.04,0.0
Competidor6,2019-04-14,54247380.0,0.0
Competidor6,2019-04-21,57263858.5,0.0
Competidor6,2019-04-28,54101859.0,0.0
Competidor6,2019-05-05,56755861.0,0.0
Competidor6,2019-05-12,55395836.75,0.0
Competidor6,2019-05-19,58865349.5,0.0
Competidor6,2019-05-26,57791980.5,0.0
Competidor6,2019-06-02,55976791.0,0.0
Competidor6,2019-06-09,57703548.0,0.0
Competidor6,2019-06-16,56003546.5,0.0
Competidor6,2019-06-23,54270275.5,0.0
Competidor6,2019-06-30,57761624.25,0.0
Competidor6,2019-07-07,57144007.0,0.0
Competidor6,2019-07-14,55104026.5,0.0
Competidor6,2019-07-21,53691659.75,0.0
Competidor6,2019-07-28,57612705.0,0.0
Competidor6,2019-08-04,53093077.5,0.0
Competidor6,2019-08-11,57780674.0,0.0
Competidor6,2019-08-18,53886768.5,0.0
Competidor6,2019-08-25,56047124.5,0.0
Competidor6,2019-09-01,54931008.3,0.0
Competidor6,2019-09-08,55373625.04,0.0
Competidor6,2019-09-15,53811900.0,0.0
Competidor6,2019-09-22,56637382.9,0.0
Competidor6,2019-09-29,51666276.9,0.0
Competidor6,2019-10-06,56911009.7,0.0
Competidor6,2019-10-13,55256096.2,0.0
Competidor6,2019-10-20,55652870.8,0.0
Competidor6,2019-10-27,52035463.2,0.0
Competidor6,2019-11-03,53635273.9,0.0
Competidor6,2019-11-10,52432837.61,0.0
Competidor6,2019-11-17,54499494.3,0.0
Competidor6,2019-11-24,50951701.2,0.0
Competidor6,2019-12-01,51121406.0,0.0
Competidor6,2019-12-08,52473459.8,0.0
Competidor6,2019-12-15,54071224.15,0.0
Competidor6,2019-12-22,52823597.5,0.0
Competidor6,2019-12-29,48928672.45,0.0
Competidor6,2020-01-05,49271962.75,0.0
Competidor6,2020-01-12,52769594.8,0.0
Competidor6,2020-01-19,49612214.64,0.0
Competidor6,2020-01-26,51781580.1,0.0
Competidor6,2020-02-02,48443169.1,0.0
Competidor6,2020-02-09,53525263.76,0.0
Competidor6,2020-02-16,50259619.16,0.0
Competidor6,2020-02-23,53278286.92,0.0
Competidor6,2020-03-01,49553012.46,0.0
Competidor6,2020-03-08,55727650.9,0.0
Competidor6,2020-03-15,52797466.9,0.0
Competidor6,2020-03-22,65856019.7,0.0
Competidor6,2020-03-29,58682403.9,0.0
Competidor6,2020-04-05,53035651.75,0.0
Competidor6,2020-04-12,51754285.3,0.0
Competidor6,2020-04-19,53934398.76,0.0
Competidor6,2020-04-26,52418371.9,0.0
Competidor6,2020-05-03,55918091.7,0.0
Competidor6,2020-05-10,55402274.5,0.0
Competidor6,2020-05-17,57788071.7,0.0
Competidor6,2020-05-24,57584753.9,0.0
Competidor6,2020-06-07,58306295.0,0.0
Competidor6,2020-06-14,60361665.1,0.0
Competidor6,2020-06-21,56348194.4,0.0
Competidor6,2020-06-28,57465390.7,0.0
Competidor6,2020-07-05,59176133.2,0.0
Competidor6,2020-07-12,59217144.4,0.0
Competidor6,2020-07-19,53692334.0,0.0
Competidor6,2020-07-26,57400979.2,0.0
Competidor6,2020-08-02,55040708.3,0.0
Competidor6,2020-08-09,58771026.66,0.0
Competidor6,2020-08-16,56653953.5,0.0
Competidor6,2020-08-23,58333124.4,0.0
Competidor6,2020-09-06,58546392.4,0.0
Competidor6,2020-09-13,55045732.7,0.0
Competidor6,2020-09-20,55030636.5,0.0
Competidor6,2020-09-27,51823999.1,0.0
Competidor6,2020-09-30,53979016.9,0.0
Competidor6,2020-10-04,55447011.0,0.0
Competidor6,2020-10-11,52860427.7,0.0
Competidor6,2020-10-18,56802246.2,0.0
Competidor6,2020-10-25,52121264.7,0.0
Competidor6,2020-11-01,54725179.0,0.0
Competidor6,2020-11-08,53001958.2,0.0
Competidor6,2020-11-15,57433724.9,0.0
Competidor6,2020-11-22,53847124.6,0.0
Competidor6,2020-12-06,51207343.8,0.0
Competidor6,2020-12-13,54148816.4,0.0
Competidor6,2020-12-20,52918846.5,0.0
Competidor6,2020-12-27,50476933.2,0.0
Competidor6,2020-12-29,51981508.4,0.0
Competidor6,2021-01-03,47578229.8,0.0
Competidor6,2021-01-10,53365204.0,0.0
Competidor6,2021-01-17,51332075.4,0.0
Competidor6,2021-01-24,50593351.6,0.0
Competidor6,2021-02-07,51174959.3,0.0
Competidor6,2021-02-14,51179722.2,0.0
Competidor6,2021-02-21,44368461.9,0.0
Competidor6,2021-02-28,52640113.4,0.0
Competidor6,2021-03-04,54257798.1,0.0
Competidor6,2021-03-07,53767258.3,0.0
Competidor6,2021-03-14,53848015.9,0.0
Competidor6,2021-03-21,54387718.3,0.0
Competidor6,2021-03-28,53000161.0,0.0
Competidor6,2021-04-02,53529789.4,0.0
Competidor6,2021-04-11,56250638.8,0.0
Competidor6,2021-04-18,56361678.6,0.0
Competidor6,2021-04-25,55817448.7,0.0
Competidor6,2021-05-09,56958575.2,0.0
Competidor6,2021-05-16,54041977.6,0.0
Competidor6,2021-05-23,54453436.6,0.0
Competidor6,2021-05-30,54787389.8,0.0
Competidor6,2021-06-04,54634398.6,0.0
Competidor6,2021-06-06,54489854.6,0.0
Competidor6,2021-06-13,55522075.4,0.0
Competidor6,2021-06-20,54762965.3,0.0
Competidor6,2021-06-27,53689211.8,0.0
Competidor6,2021-07-01,52466589.3,0.0
Competidor6,2021-07-11,52677341.0,0.0
Competidor6,2021-07-18,53136411.7,0.0
Competidor6,2021-07-25,54783716.2,0.0
Competidor6,2021-08-08,54213253.5,0.0
Competidor6,2021-08-15,52499241.4,0.0
Competidor6,2021-08-22,53123764.8,0.0
Competidor6,2021-08-29,52574002.3,0.0
Competidor6,2021-09-03,50627160.5,0.0
Competidor6,2021-09-05,53900553.1,0.0
Competidor6,2021-09-12,51109478.8,0.0
Competidor6,2021-09-19,53370700.3,0.0
Competidor6,2021-09-26,50952399.6,0.0
Competidor6,2021-10-10,52027060.7,0.0
Competidor6,2021-10-17,51723132.8,0.0
Competidor6,2021-10-24,52267326.1,0.0
Competidor6,2021-10-31,50843329.1,0.0
Competidor6,2021-11-07,51969494.0,0.0
Competidor6,2021-11-14,49479384.6,0.0
Competidor6,2021-11-21,52882618.35,0.0
Competidor6,2021-11-28,46966576.0,0.0
Competidor6,2021-12-02,47516617.2,0.0
Competidor6,2021-12-05,49787112.8,0.0
Competidor6,2021-12-12,49119261.8,0.0
Competidor6,2021-12-19,51775951.3,0.0
Competidor6,2021-12-26,49520179.5,0.0
Competidor6,2022-01-09,48204232.4,0.0
Competidor6,2022-01-16,46883099.6,0.0
Competidor6,2022-01-23,44448237.8,0.0
Competidor6,2022-01-30,45399647.4,0.0
Competidor6,2022-02-06,44755095.1,0.0
Competidor6,2022-02-13,47520278.06,0.0
Competidor6,2022-02-20,49425841.5,0.0
Competidor6,2022-02-27,49067738.5,0.0
Competidor6,2022-03-03,49428395.4,0.0
Competidor6,2022-03-06,50277456.5,0.0
Competidor6,2022-03-13,49503958.8,0.0
Competidor6,2022-03-20,49029911.5,0.0
Competidor6,2022-03-27,50278593.8,0.0
Competidor6,2022-04-01,51871122.6,0.0
Competidor6,2022-04-10,51119394.7,0.0
Competidor6,2022-04-17,48253904.4,0.0
Competidor6,2022-04-24,50143091.8,0.0
Competidor6,2022-05-08,50829150.2,0.0
Competidor7,2019-01-06,1539561.0,2342992.0
Competidor7,2019-01-13,1090031.0,2326228.0
Competidor7,2019-01-20,1054273.0,2656372.0
Competidor7,2019-01-27,1104712.0,2192280.0
Competidor7,2019-02-03,1345256.0,2343314.5
Competidor7,2019-02-10,1669967.0,2551575.5
Competidor7,2019-02-17,1002036.0,2539782.0
Competidor7,2019-02-24,1059117.0,2296212.0
Competidor7,2019-03-03,1181300.0,2502690.0
Competidor7,2019-03-10,1266483.0,2633067.0
Competidor7,2019-03-17,1439364.0,2631368.0
Competidor7,2019-03-24,1819593.0,2369311.0
Competidor7,2019-03-31,965356.0,2521007.0
Competidor7,2019-04-07,1067310.0,2636447.5
Competidor7,2019-04-14,1205078.0,2756366.0
Competidor7,2019-04-21,1389866.0,2821955.0
Competidor7,2019-04-28,1697402.0,2499010.0
Competidor7,2019-05-05,1048089.0,2676738.5
Competidor7,2019-05-12,1170870.0,2797481.5
Competidor7,2019-05-19,1363158.0,2806553.0
Competidor7,2019-05-26,1666143.0,2625265.0
Competidor7,2019-06-02,1397717.0,2702382.5
Competidor7,2019-06-09,1783892.0,2880417.5
Competidor7,2019-06-16,1151291.0,2850995.0
Competidor7,2019-06-23,1349696.0,2681196.5
Competidor7,2019-06-30,1196512.0,2738724.0
Competidor7,2019-07-07,1481652.0,3149426.5
Competidor7,2019-07-14,1142771.0,2632971.5
Competidor7,2019-07-21,1311177.0,2666988.0
Competidor7,2019-07-28,1636299.0,2702922.0
Competidor7,2019-08-04,1090342.0,2833459.0
Competidor7,2019-08-11,1227408.0,2927821.0
Competidor7,2019-08-18,1369472.0,2820972.0
Competidor7,2019-08-25,1746588.0,2597366.0
Competidor7,2019-09-01,1158918.0,2808629.0
Competidor7,2019-09-08,1145286.0,2845311.0
Competidor7,2019-09-15,1480013.0,2851319.0
Competidor7,2019-09-22,2040738.0,2546012.0
Competidor7,2019-09-29,911787.0,2633971.0
Competidor7,2019-10-06,994901.0,2792712.5
Competidor7,2019-10-13,1126151.0,2831731.0
Competidor7,2019-10-20,1324739.0,2807358.0
Competidor7,2019-10-27,1554732.0,2418266.5
Competidor7,2019-11-03,1015608.0,2550031.5
Competidor7,2019-11-10,1050675.0,2598000.0
Competidor7,2019-11-17,1310488.0,2636607.0
Competidor7,2019-11-24,1477735.0,2275475.0
Competidor7,2019-12-01,1027193.0,2488649.5
Competidor7,2019-12-08,1055331.0,2611158.0
Competidor7,2019-12-15,1220681.0,2552541.0
Competidor7,2019-12-22,1841306.0,2267617.0
Competidor7,2019-12-29,1014903.0,2171957.0
Competidor7,2020-01-05,1269708.0,2355308.0
Competidor7,2020-01-12,833042.0,2504359.0
Competidor7,2020-01-19,1026173.0,2662883.0
Competidor7,2020-01-26,1372128.0,2186796.0
Competidor7,2020-02-02,861487.0,2355212.0
Competidor7,2020-02-09,993385.0,2523812.5
Competidor7,2020-02-16,1227754.0,2463697.0
Competidor7,2020-02-23,1521265.0,2162691.0
Competidor7,2020-03-01,906016.0,2386291.5
Competidor7,2020-03-08,1067327.0,2708459.0
Competidor7,2020-03-15,1296830.0,2643785.5
Competidor7,2020-03-22,1899781.0,2675763.0
Competidor7,2020-03-29,1031033.0,2727649.0
Competidor7,2020-04-05,872038.0,2528116.5
Competidor7,2020-04-12,1116555.0,2818872.5
Competidor7,2020-04-19,1121637.0,2630904.0
Competidor7,2020-04-26,1658183.0,2391492.0
Competidor7,2020-05-03,1011288.0,2714459.0
Competidor7,2020-05-10,1037322.0,3028024.0
Competidor7,2020-05-17,1299574.0,2927232.0
Competidor7,2020-05-24,1659839.0,2781023.0
Competidor7,2020-06-07,1348819.0,3050716.5
Competidor7,2020-06-14,1799174.0,3099568.5
Competidor7,2020-06-21,1055837.0,2784314.0
Competidor7,2020-06-28,1044288.0,2929033.0
Competidor7,2020-07-05,1342338.0,3143739.0
Competidor7,2020-07-12,1585247.0,3194218.0
Competidor7,2020-07-19,1022990.0,2671472.0
Competidor7,2020-07-26,1072823.0,2744965.0
Competidor7,2020-08-02,1191099.0,2934229.0
Competidor7,2020-08-09,1228700.0,3030130.0
Competidor7,2020-08-16,1412421.0,3107316.0
Competidor7,2020-08-23,1609907.0,2578496.0
Competidor7,2020-09-06,1083836.0,3018303.0
Competidor7,2020-09-13,1398544.0,3048270.0
Competidor7,2020-09-20,1657866.0,2387267.0
Competidor7,2020-09-27,871921.0,2649093.1
Competidor7,2020-09-30,1003476.0,2839365.0
Competidor7,2020-10-04,993868.0,2886727.1
Competidor7,2020-10-11,1052463.0,2904045.0
Competidor7,2020-10-18,1228444.0,2885787.0
Competidor7,2020-10-25,1438748.0,2520989.1
Competidor7,2020-11-01,1048612.0,2482693.1
Competidor7,2020-11-08,947395.0,2645138.0
Competidor7,2020-11-15,1163782.0,2893900.0
Competidor7,2020-11-22,1435479.0,2488301.1
Competidor7,2020-12-06,1141736.0,2528213.0
Competidor7,2020-12-13,1724514.0,2541968.1
Competidor7,2020-12-20,1351590.0,2490311.0
Competidor7,2020-12-27,1347198.0,2356328.1
Competidor7,2020-12-29,1017342.0,2391491.1
Competidor7,2021-01-03,734574.0,2416577.0
Competidor7,2021-01-10,881897.0,2606412.0
Competidor7,2021-01-17,1133009.0,2752504.9
Competidor7,2021-01-24,1403046.0,2292697.1
Competidor7,2021-02-07,1074264.0,2588468.1
Competidor7,2021-02-14,1210983.0,2534978.1
Competidor7,2021-02-21,1240879.0,1784350.0
Competidor7,2021-02-28,1037377.0,2484972.0
Competidor7,2021-03-04,935381.0,2784796.0
Competidor7,2021-03-07,1063550.0,2701671.0
Competidor7,2021-03-14,1328500.0,2692458.0
Competidor7,2021-03-21,1774245.0,2461169.0
Competidor7,2021-03-28,912356.0,2610132.0
Competidor7,2021-04-02,1010302.0,2638903.0
Competidor7,2021-04-11,1037934.0,3069175.0
Competidor7,2021-04-18,1423111.0,2881173.0
Competidor7,2021-04-25,1393662.0,2612295.0
Competidor7,2021-05-09,1218736.0,2892171.0
Competidor7,2021-05-16,1298871.0,2735863.0
Competidor7,2021-05-23,1450802.0,2482927.0
Competidor7,2021-05-30,1092607.0,2841930.0
Competidor7,2021-06-04,1078219.0,2967613.0
Competidor7,2021-06-06,998111.0,2906422.0
Competidor7,2021-06-13,1351263.0,2750191.0
Competidor7,2021-06-20,1634583.0,2406498.0
Competidor7,2021-06-27,1239429.0,2590865.0
Competidor7,2021-07-01,968502.0,2666882.0
Competidor7,2021-07-11,1011752.0,2705546.0
Competidor7,2021-07-18,1354975.7,2616702.0
Competidor7,2021-07-25,1445117.0,2542967.0
Competidor7,2021-08-08,1109130.0,2861404.0
Competidor7,2021-08-15,1292793.0,2577632.0
Competidor7,2021-08-22,1342304.0,2504352.0
Competidor7,2021-08-29,1017651.0,2664650.0
Competidor7,2021-09-03,917951.0,2564536.0
Competidor7,2021-09-05,1057722.0,2845471.0
Competidor7,2021-09-12,1202631.0,2516333.0
Competidor7,2021-09-19,1656411.0,2414315.0
Competidor7,2021-09-26,918079.0,2492161.0
Competidor7,2021-10-10,1039382.0,2696771.0
Competidor7,2021-10-17,1258348.0,2571111.0
Competidor7,2021-10-24,1251248.0,2317537.0
Competidor7,2021-10-31,1028724.0,2486301.0
Competidor7,2021-11-07,1125269.0,2467290.1
Competidor7,2021-11-14,1103104.0,2323605.0
Competidor7,2021-11-21,1333389.0,2276190.0
Competidor7,2021-11-28,872719.0,2263085.0
Competidor7,2021-12-02,890758.0,2182579.1
Competidor7,2021-12-05,911866.0,2626502.0
Competidor7,2021-12-12,1043714.0,2275393.0
Competidor7,2021-12-19,1492567.0,2143668.0
Competidor7,2021-12-26,880401.0,2210845.0
Competidor7,2022-01-09,1413237.0,2252874.0
Competidor7,2022-01-16,850465.0,2151455.0
Competidor7,2022-01-23,742174.0,1964083.0
Competidor7,2022-01-30,808000.0,2013970.0
Competidor7,2022-02-06,945225.0,2142319.0
Competidor7,2022-02-13,930649.0,2089079.0
Competidor7,2022-02-20,1518743.0,2064050.0
Competidor7,2022-02-27,848731.0,2214354.0
Competidor7,2022-03-03,861459.0,2397502.0
Competidor7,2022-03-06,1041114.0,2336818.0
Competidor7,2022-03-13,1021159.0,2146260.0
Competidor7,2022-03-20,1295154.0,2102438.0
Competidor7,2022-03-27,771973.0,2181814.0
Competidor7,2022-04-01,853624.0,2311624.0
Competidor7,2022-04-10,1024907.0,2600059.0
Competidor7,2022-04-17,1033234.0,2311160.0
Competidor7,2022-04-24,1224696.0,2117618.0
Competidor7,2022-05-08,1004833.0,2525834.0
Competidor8,2019-01-06,13854688.0,0.0
Competidor8,2019-01-13,14450155.4,0.0
Competidor8,2019-01-20,13600906.1,0.0
Competidor8,2019-01-27,14408624.6,0.0
Competidor8,2019-02-03,13806459.5,0.0
Competidor8,2019-02-10,15616603.8,0.0
Competidor8,2019-02-17,13579528.3,0.0
Competidor8,2019-02-24,14753748.5,0.0
Competidor8,2019-03-03,14242457.4,0.0
Competidor8,2019-03-10,15818648.5,0.0
Competidor8,2019-03-17,14314742.5,0.0
Competidor8,2019-03-24,15694843.0,0.0
Competidor8,2019-03-31,14385903.46,0.0
Competidor8,2019-04-07,15685182.5,0.0
Competidor8,2019-04-14,15121795.0,0.0
Competidor8,2019-04-21,16288094.0,0.0
Competidor8,2019-04-28,15359497.04,0.0
Competidor8,2019-05-05,16300630.5,0.0
Competidor8,2019-05-12,15310715.5,0.0
Competidor8,2019-05-19,16341482.5,0.0
Competidor8,2019-05-26,16348806.5,0.0
Competidor8,2019-06-02,16292479.5,0.0
Competidor8,2019-06-09,16421365.5,0.0
Competidor8,2019-06-16,16148881.7,0.0
Competidor8,2019-06-23,15572186.0,0.0
Competidor8,2019-06-30,16893106.5,0.0
Competidor8,2019-07-07,17018374.5,0.0
Competidor8,2019-07-14,16185205.0,0.0
Competidor8,2019-07-21,15686372.5,0.0
Competidor8,2019-07-28,16720578.9,0.0
Competidor8,2019-08-04,15774301.14,0.0
Competidor8,2019-08-11,16853754.0,0.0
Competidor8,2019-08-18,15318891.0,0.0
Competidor8,2019-08-25,16755127.2,0.0
Competidor8,2019-09-01,15891748.5,0.0
Competidor8,2019-09-08,15953722.3,0.0
Competidor8,2019-09-15,15499881.8,0.0
Competidor8,2019-09-22,16870004.6,0.0
Competidor8,2019-09-29,14927402.0,0.0
Competidor8,2019-10-06,16343752.0,0.0
Competidor8,2019-10-13,15405705.0,0.0
Competidor8,2019-10-20,15606821.5,0.0
Competidor8,2019-10-27,15002108.0,0.0
Competidor8,2019-11-03,15342647.96,0.0
Competidor8,2019-11-10,14277794.0,0.0
Competidor8,2019-11-17,15259637.7,0.0
Competidor8,2019-11-24,14156982.0,0.0
Competidor8,2019-12-01,14809535.0,0.0
Competidor8,2019-12-08,14383072.5,0.0
Competidor8,2019-12-15,14923744.5,0.0
Competidor8,2019-12-22,14810880.0,0.0
Competidor8,2019-12-29,13804342.5,0.0
Competidor8,2020-01-05,13966619.04,0.0
Competidor8,2020-01-12,15030956.0,0.0
Competidor8,2020-01-19,13422226.96,0.0
Competidor8,2020-01-26,14377853.2,0.0
Competidor8,2020-02-02,13257220.0,0.0
Competidor8,2020-02-09,14990700.0,0.0
Competidor8,2020-02-16,13513873.96,0.0
Competidor8,2020-02-23,14737334.4,0.0
Competidor8,2020-03-01,13714012.16,0.0
Competidor8,2020-03-08,15542616.42,0.0
Competidor8,2020-03-15,14456456.0,0.0
Competidor8,2020-03-22,18101714.4,0.0
Competidor8,2020-03-29,15580359.5,0.0
Competidor8,2020-04-05,14703464.0,0.0
Competidor8,2020-04-12,15342295.25,0.0
Competidor8,2020-04-19,14883301.54,0.0
Competidor8,2020-04-26,14773554.5,0.0
Competidor8,2020-05-03,16066170.5,0.0
Competidor8,2020-05-10,16090431.5,0.0
Competidor8,2020-05-17,16120038.7,0.0
Competidor8,2020-05-24,16669026.2,0.0
Competidor8,2020-06-07,16843364.0,0.0
Competidor8,2020-06-14,17413029.04,0.0
Competidor8,2020-06-21,16558612.75,0.0
Competidor8,2020-06-28,16604924.0,0.0
Competidor8,2020-07-05,17463699.0,0.0
Competidor8,2020-07-12,17540515.5,0.0
Competidor8,2020-07-19,15753284.5,0.0
Competidor8,2020-07-26,16809654.5,0.0
Competidor8,2020-08-02,16378304.96,0.0
Competidor8,2020-08-09,17068873.5,0.0
Competidor8,2020-08-16,16501587.0,0.0
Competidor8,2020-08-23,17064224.96,0.0
Competidor8,2020-09-06,17406067.5,0.0
Competidor8,2020-09-13,15850266.4,0.0
Competidor8,2020-09-20,16093136.25,0.0
Competidor8,2020-09-27,14953720.6,0.0
Competidor8,2020-09-30,15755599.0,0.0
Competidor8,2020-10-04,16048726.1,0.0
Competidor8,2020-10-11,15534026.5,0.0
Competidor8,2020-10-18,16102210.5,0.0
Competidor8,2020-10-25,15249244.1,0.0
Competidor8,2020-11-01,15372800.1,0.0
Competidor8,2020-11-08,14903680.0,0.0
Competidor8,2020-11-15,15913592.4,0.0
Competidor8,2020-11-22,15417736.06,0.0
Competidor8,2020-12-06,14436415.0,0.0
Competidor8,2020-12-13,15473751.85,0.0
Competidor8,2020-12-20,14624275.0,0.0
Competidor8,2020-12-27,14110979.6,0.0
Competidor8,2020-12-29,14571323.1,0.0
Competidor8,2021-01-03,13250083.5,0.0
Competidor8,2021-01-10,14888286.5,0.0
Competidor8,2021-01-17,14558066.4,0.0
Competidor8,2021-01-24,14244825.56,0.0
Competidor8,2021-02-07,14337007.6,0.0
Competidor8,2021-02-14,14164460.6,0.0
Competidor8,2021-02-21,12379765.5,0.0
Competidor8,2021-02-28,14291002.5,0.0
Competidor8,2021-03-04,15521987.96,0.0
Competidor8,2021-03-07,14731272.0,0.0
Competidor8,2021-03-14,15277048.0,0.0
Competidor8,2021-03-21,15633588.5,0.0
Competidor8,2021-03-28,14942025.5,0.0
Competidor8,2021-04-02,15289333.0,0.0
Competidor8,2021-04-11,15929408.5,0.0
Competidor8,2021-04-18,16209941.0,0.0
Competidor8,2021-04-25,15428434.0,0.0
Competidor8,2021-05-09,15726952.0,0.0
Competidor8,2021-05-16,15147481.5,0.0
Competidor8,2021-05-23,15402371.0,0.0
Competidor8,2021-05-30,16044400.5,0.0
Competidor8,2021-06-04,16173768.8,0.0
Competidor8,2021-06-06,15255468.0,0.0
Competidor8,2021-06-13,15776885.0,0.0
Competidor8,2021-06-20,15725094.0,0.0
Competidor8,2021-06-27,15797598.0,0.0
Competidor8,2021-07-01,15284945.0,0.0
Competidor8,2021-07-11,15372358.5,0.0
Competidor8,2021-07-18,15513231.7,0.0
Competidor8,2021-07-25,15738947.0,0.0
Competidor8,2021-08-08,15435786.96,0.0
Competidor8,2021-08-15,15285969.0,0.0
Competidor8,2021-08-22,15433884.0,0.0
Competidor8,2021-08-29,15020817.0,0.0
Competidor8,2021-09-03,14603272.0,0.0
Competidor8,2021-09-05,15835881.0,0.0
Competidor8,2021-09-12,14869960.96,0.0
Competidor8,2021-09-19,15370315.5,0.0
Competidor8,2021-09-26,14527886.0,0.0
Competidor8,2021-10-10,14963903.0,0.0
Competidor8,2021-10-17,14792226.5,0.0
Competidor8,2021-10-24,14625829.0,0.0
Competidor8,2021-10-31,14370282.5,0.0
Competidor8,2021-11-07,14199079.1,0.0
Competidor8,2021-11-14,14094561.0,0.0
Competidor8,2021-11-21,14544216.0,0.0
Competidor8,2021-11-28,13294721.0,0.0
Competidor8,2021-12-02,12951516.1,0.0
Competidor8,2021-12-05,13913357.0,0.0
Competidor8,2021-12-12,13595704.0,0.0
Competidor8,2021-12-19,14115414.0,0.0
Competidor8,2021-12-26,13750430.0,0.0
Competidor8,2022-01-09,13195613.0,0.0
Competidor8,2022-01-16,12128710.0,0.0
Competidor8,2022-01-23,12181677.0,0.0
Competidor8,2022-01-30,12322687.0,0.0
Competidor8,2022-02-06,12874045.0,0.0
Competidor8,2022-02-13,12744691.0,0.0
Competidor8,2022-02-20,13543676.0,0.0
Competidor8,2022-02-27,13348804.0,0.0
Competidor8,2022-03-03,13533151.0,0.0
Competidor8,2022-03-06,13532610.0,0.0
Competidor8,2022-03-13,13673918.0,0.0
Competidor8,2022-03-20,13306889.0,0.0
Competidor8,2022-03-27,13560351.0,0.0
Competidor8,2022-04-01,14153841.0,0.0
Competidor8,2022-04-10,13956551.0,0.0
Competidor8,2022-04-17,13606645.0,0.0
Competidor8,2022-04-24,13605623.0,0.0
Competidor8,2022-05-08,14273898.0,0.0
Competidor9,2019-01-06,3793922.0,14992368.0
Competidor9,2019-01-13,2729373.0,16032383.0
Competidor9,2019-01-20,2800487.0,16880547.0
Competidor9,2019-01-27,2882470.0,14338808.0
Competidor9,2019-02-03,3398656.0,15537038.0
Competidor9,2019-02-10,4021779.0,17143305.0
Competidor9,2019-02-17,2671152.0,16409129.0
Competidor9,2019-02-24,2823657.0,15215034.0
Competidor9,2019-03-03,2896317.0,16098856.0
Competidor9,2019-03-10,3202899.0,17474534.0
Competidor9,2019-03-17,3492037.0,16809733.0
Competidor9,2019-03-24,4337187.0,15337600.0
Competidor9,2019-03-31,2586896.0,16201079.0
Competidor9,2019-04-07,2833753.0,17196841.0
Competidor9,2019-04-14,3083415.0,18008004.0
Competidor9,2019-04-21,3306260.0,17477327.0
Competidor9,2019-04-28,4201750.0,16487195.0
Competidor9,2019-05-05,2888953.0,17768254.0
Competidor9,2019-05-12,3185251.0,18774867.0
Competidor9,2019-05-19,3590936.0,18307455.0
Competidor9,2019-05-26,4466409.0,17405273.0
Competidor9,2019-06-02,3347699.0,18013594.0
Competidor9,2019-06-09,4425379.0,19135409.0
Competidor9,2019-06-16,3032406.0,18968314.0
Competidor9,2019-06-23,3460708.0,17835865.0
Competidor9,2019-06-30,3113752.0,18022695.0
Competidor9,2019-07-07,3957498.0,20086552.0
Competidor9,2019-07-14,3066521.0,17011560.0
Competidor9,2019-07-21,3514951.0,17549118.0
Competidor9,2019-07-28,4152660.0,17705475.0
Competidor9,2019-08-04,2991833.0,18329513.0
Competidor9,2019-08-11,3336027.0,19242627.0
Competidor9,2019-08-18,3696348.0,18132881.0
Competidor9,2019-08-25,4346590.0,16848640.0
Competidor9,2019-09-01,2992015.0,18112022.0
Competidor9,2019-09-08,3115816.0,18505188.0
Competidor9,2019-09-15,3691413.0,18274031.0
Competidor9,2019-09-22,4705555.0,16338909.0
Competidor9,2019-09-29,2616269.0,17067499.0
Competidor9,2019-10-06,2820865.0,17487218.0
Competidor9,2019-10-13,3077626.0,18201476.0
Competidor9,2019-10-20,3436538.0,17524264.0
Competidor9,2019-10-27,3818714.0,15410157.0
Competidor9,2019-11-03,2707118.0,16409283.0
Competidor9,2019-11-10,2968260.0,17444109.0
Competidor9,2019-11-17,3365089.0,16829188.0
Competidor9,2019-11-24,3965657.0,15076863.0
Competidor9,2019-12-01,2665488.0,15669328.0
Competidor9,2019-12-08,2766199.0,17417752.0
Competidor9,2019-12-15,3069689.0,16643861.0
Competidor9,2019-12-22,4514228.0,15362849.0
Competidor9,2019-12-29,2701797.0,14780697.0
Competidor9,2020-01-05,3235822.0,15275010.0
Competidor9,2020-01-12,2443291.0,16020044.0
Competidor9,2020-01-19,2793118.0,16733394.0
Competidor9,2020-01-26,3456677.0,14075171.0
Competidor9,2020-02-02,2441509.0,15255272.0
Competidor9,2020-02-09,2682939.0,16629915.0
Competidor9,2020-02-16,3284905.0,16341083.0
Competidor9,2020-02-23,3956118.0,14088289.0
Competidor9,2020-03-01,2449279.0,15304403.0
Competidor9,2020-03-08,2667831.0,17259060.0
Competidor9,2020-03-15,3307388.0,16706472.0
Competidor9,2020-03-22,4912213.0,17287081.9
Competidor9,2020-03-29,2806801.0,16701022.9
Competidor9,2020-04-05,2394567.0,15039991.0
Competidor9,2020-04-12,2734487.0,16752973.0
Competidor9,2020-04-19,3127745.0,16950288.0
Competidor9,2020-04-26,4216954.0,15503968.0
Competidor9,2020-05-03,2729001.0,17029398.0
Competidor9,2020-05-10,2937023.0,19299269.9
Competidor9,2020-05-17,3435130.0,18630224.0
Competidor9,2020-05-24,4360225.0,17718333.0
Competidor9,2020-06-07,3434073.0,19494647.0
Competidor9,2020-06-14,4557013.0,20021772.0
Competidor9,2020-06-21,3146519.0,18634107.0
Competidor9,2020-06-28,2956824.0,19255970.0
Competidor9,2020-07-05,3513010.0,19983300.0
Competidor9,2020-07-12,3945700.0,19240815.0
Competidor9,2020-07-19,3000992.0,17242787.0
Competidor9,2020-07-26,3004792.0,17389714.0
Competidor9,2020-08-02,3151421.0,18442540.0
Competidor9,2020-08-09,3370641.0,19342759.0
Competidor9,2020-08-16,3708548.0,18966090.0
Competidor9,2020-08-23,4265378.0,16996127.0
Competidor9,2020-09-06,3012490.0,19114658.0
Competidor9,2020-09-13,3485546.0,18458029.0
Competidor9,2020-09-20,4347116.0,16712113.0
Competidor9,2020-09-27,2621709.0,17277347.0
Competidor9,2020-09-30,2785994.0,17826325.0
Competidor9,2020-10-04,2713397.0,17894595.0
Competidor9,2020-10-11,2888457.0,18527501.0
Competidor9,2020-10-18,3278654.0,17591662.0
Competidor9,2020-10-25,3696063.0,15824591.0
Competidor9,2020-11-01,2657314.0,16126803.0
Competidor9,2020-11-08,2750868.0,17330137.0
Competidor9,2020-11-15,3352359.0,18054229.0
Competidor9,2020-11-22,3752993.0,16191811.0
Competidor9,2020-12-06,3177381.0,16098623.0
Competidor9,2020-12-13,4276798.0,16340193.0
Competidor9,2020-12-20,4073636.0,16002686.0
Competidor9,2020-12-27,3622182.0,15118626.0
Competidor9,2020-12-29,2570162.0,15697413.0
Competidor9,2021-01-03,2224000.0,15080389.0
Competidor9,2021-01-10,2550300.0,16608080.0
Competidor9,2021-01-17,2895067.0,16472131.0
Competidor9,2021-01-24,3345376.0,14362455.0
Competidor9,2021-02-07,2924417.0,16233942.0
Competidor9,2021-02-14,3297203.0,15788470.0
Competidor9,2021-02-21,3682137.0,14119228.0
Competidor9,2021-02-28,2437818.0,15116481.0
Competidor9,2021-03-04,2556687.0,16745308.0
Competidor9,2021-03-07,2562194.0,16920626.0
Competidor9,2021-03-14,3183068.0,16805865.0
Competidor9,2021-03-21,4133962.0,14921512.0
Competidor9,2021-03-28,2400540.0,15802603.0
Competidor9,2021-04-02,2677255.0,15751096.0
Competidor9,2021-04-11,2745721.0,18522898.4
Competidor9,2021-04-18,3313511.0,17685042.0
Competidor9,2021-04-25,3672884.0,16838722.0
Competidor9,2021-05-09,3301844.0,17633905.0
Competidor9,2021-05-16,3186381.0,16793883.0
Competidor9,2021-05-23,3844348.0,15279398.0
Competidor9,2021-05-30,2757751.0,17121414.0
Competidor9,2021-06-04,2737120.0,17802055.0
Competidor9,2021-06-06,2766468.0,17542163.0
Competidor9,2021-06-13,3699956.0,17244183.0
Competidor9,2021-06-20,4603289.0,15349891.0
Competidor9,2021-06-27,2712216.0,15930745.0
Competidor9,2021-07-01,2549276.0,16796651.0
Competidor9,2021-07-11,2809777.0,17765472.0
Competidor9,2021-07-18,3286754.0,16698284.0
Competidor9,2021-07-25,3778437.0,16047657.0
Competidor9,2021-08-08,3038753.0,17883195.0
Competidor9,2021-08-15,3140543.0,16971010.0
Competidor9,2021-08-22,3952859.5,16011966.0
Competidor9,2021-08-29,2526525.5,16443867.0
Competidor9,2021-09-03,2353334.0,16116244.0
Competidor9,2021-09-05,2670257.0,17316925.3
Competidor9,2021-09-12,3014895.0,16195213.0
Competidor9,2021-09-19,4059214.0,15439642.0
Competidor9,2021-09-26,2485506.0,15939366.0
Competidor9,2021-10-10,2621255.0,16827546.0
Competidor9,2021-10-17,2790169.0,15691199.0
Competidor9,2021-10-24,3638756.0,15033132.0
Competidor9,2021-10-31,2573236.0,15489036.0
Competidor9,2021-11-07,3143020.0,15746982.0
Competidor9,2021-11-14,2868485.0,14573748.0
Competidor9,2021-11-21,3596069.0,14475004.0
Competidor9,2021-11-28,2170550.0,14098208.0
Competidor9,2021-12-02,2205205.0,13619346.2
Competidor9,2021-12-05,2394173.0,15424739.0
Competidor9,2021-12-12,2557073.0,14104408.0
Competidor9,2021-12-19,3649982.0,13944093.0
Competidor9,2021-12-26,2095483.0,14101535.0
Competidor9,2022-01-09,3390121.0,13633760.4
Competidor9,2022-01-16,2319907.0,14254657.4
Competidor9,2022-01-23,2021711.0,12531338.5
Competidor9,2022-01-30,2116941.0,13034144.0
Competidor9,2022-02-06,2229278.0,13660065.0
Competidor9,2022-02-13,2419137.0,13811180.0
Competidor9,2022-02-20,3969091.0,13387679.0
Competidor9,2022-02-27,2306216.0,13814822.0
Competidor9,2022-03-03,2123589.0,14885498.0
Competidor9,2022-03-06,2918831.0,14966012.4
Competidor9,2022-03-13,2380599.0,13812497.2
Competidor9,2022-03-20,3568119.0,13565127.0
Competidor9,2022-03-27,2010407.0,14006472.0
Competidor9,2022-04-01,2132262.0,14172432.0
Competidor9,2022-04-10,2262905.0,15152021.0
Competidor9,2022-04-17,2379453.0,13978301.0
Competidor9,2022-04-24,3439577.0,13284126.0
Competidor9,2022-05-08,2319559.0,15079720.0
